{
  "version": 1,
  "author": "Master QAT",
  "editor": "wokwi",
  "parts": [
    { "type": "wokwi-breadboard-mini", "id": "bb1", "top": 65.8, "left": -117.6, "attrs": {} },
    { "type": "board-esp32-devkit-c-v4", "id": "esp", "top": -19.2, "left": 62.44, "attrs": {} },
    {
      "type": "wokwi-pushbutton",
      "id": "btn1",
      "top": -61,
      "left": -86.4,
      "attrs": { "color": "green", "xray": "1" }
    },
    { "type": "wokwi-led", "id": "led1", "top": -13.2, "left": -121, "attrs": { "color": "red" } },
    {
      "type": "wokwi-led",
      "id": "led2",
      "top": -13.2,
      "left": -34.6,
      "attrs": { "color": "limegreen" }
    },
    {
      "type": "wokwi-buzzer",
      "id": "bz1",
      "top": 40.8,
      "left": -247.8,
      "attrs": { "volume": "0.1" }
    },
    {
      "type": "board-ssd1306",
      "id": "oled1",
      "top": 204.74,
      "left": -86.17,
      "attrs": { "i2cAddress": "0x3c" }
    },
    { "type": "wokwi-resistor", "id": "r1", "top": 32.75, "left": 0, "attrs": { "value": "220" } },
    {
      "type": "wokwi-resistor",
      "id": "r2",
      "top": 32.75,
      "left": -96,
      "attrs": { "value": "220" }
    },
    {
      "type": "wokwi-resistor",
      "id": "r3",
      "top": 90.35,
      "left": -105.6,
      "attrs": { "value": "220" }
    },
    { "type": "wokwi-potentiometer", "id": "pot1", "top": -39.7, "left": -192.2, "attrs": {} }
  ],
  "connections": [
    [ "esp:TX", "$serialMonitor:RX", "", [] ],
    [ "esp:RX", "$serialMonitor:TX", "", [] ],
    [ "led1:A", "r2:1", "green", [ "v9.6", "h9.6" ] ],
    [ "led2:A", "r1:1", "green", [ "v9.6", "h9.6" ] ],
    [ "led1:C", "bb1:1t.a", "black", [ "v48", "h0.4" ] ],
    [ "led2:C", "bb1:1t.b", "black", [ "v0", "h-76.4", "v38.4" ] ],
    [ "bb1:1t.e", "bb1:1b.f", "black", [ "v0" ] ],
    [ "btn1:2.r", "bb1:7t.a", "#8f4814", [ "h-28.6", "v105.8" ] ],
    [ "bb1:1t.d", "esp:GND.2", "black", [ "v0", "h-19.2", "v-172.8", "h307.2", "v76.8" ] ],
    [ "oled1:GND", "bb1:1b.j", "black", [ "v0", "h-57.6" ] ],
    [ "btn1:2.l", "bb1:5b.f", "red", [ "h19.2", "v86.6" ] ],
    [ "r3:1", "bb1:1t.c", "", [ "$bb" ] ],
    [ "r3:2", "bb1:7t.c", "", [ "$bb" ] ],
    [ "bb1:5b.i", "esp:3V3", "red", [ "v19.2", "h-182.4", "v-249.6", "h307.2" ] ],
    [ "oled1:SCL", "bb1:8b.i", "green", [ "v0" ] ],
    [ "bb1:8b.j", "esp:22", "green", [ "v9.6", "h211.2", "v-163.2" ] ],
    [ "oled1:SDA", "bb1:10b.i", "blue", [ "v0", "h9.67", "v-19.2" ] ],
    [ "bb1:10b.j", "esp:21", "blue", [ "v19.2", "h201.6", "v-144" ] ],
    [ "r1:2", "esp:23", "gold", [ "v-67.2", "h133.2", "v38.4" ] ],
    [ "r2:2", "esp:19", "orange", [ "v-48", "h238.8", "v86.4" ] ],
    [ "bz1:2", "esp:18", "gray", [ "v0", "h38", "v-182.4", "h364.8", "v163.2", "h-57.6" ] ],
    [ "bb1:7t.e", "esp:16", "#8f4814", [ "v0" ] ],
    [ "pot1:VCC", "bb1:5b.g", "red", [ "v0" ] ],
    [ "bb1:1b.i", "bz1:1", "black", [ "v0", "h-115.2" ] ],
    [ "pot1:GND", "bb1:1b.h", "black", [ "v0" ] ],
    [ "pot1:SIG", "esp:34", "violet", [ "v96", "h210.8", "v-76.8" ] ],
    [ "oled1:VCC", "bb1:5b.h", "red", [ "v-9.6", "h-19.05", "v-9.6" ] ]
  ],
  "dependencies": {}
}